url,label,source,domain,collected_at
https://ln.run/PnRkq,1,phishtank,ln.run,2025-10-18 13:42:39
https://www.service.edu,0,generated_legitimate,www.service.edu,2025-10-18 13:42:39
http://trezosuiteapp.netlify.app,1,phishtank,trezosuiteapp.netlify.app,2025-10-18 13:42:39
https://www.linkedin.com/signup,0,curated_legitimate,www.linkedin.com,2025-10-18 13:42:39
https://secure--itrustcapital--com-auth--g.webflow.io/,1,phishtank,secure--itrustcapital--com-auth--g.webflow.io,2025-10-18 13:42:39
https://d7347f5c-b143-474d-9c61-41a703ac91b4-00-f92d4xs2y5g9.worf.replit.dev/,1,phishtank,d7347f5c-b143-474d-9c61-41a703ac91b4-00-f92d4xs2y5g9.worf.replit.dev,2025-10-18 13:42:39
https://www.paypal.com/login,0,curated_legitimate,www.paypal.com,2025-10-18 13:42:39
https://www.surveymonkey.com/r/QQ9H53W,1,phishtank,www.surveymonkey.com,2025-10-18 13:42:39
https://www.github.com/signup,0,curated_legitimate,www.github.com,2025-10-18 13:42:39
https://45532566776554000.netlify.app/,1,phishtank,45532566776554000.netlify.app,2025-10-18 13:42:39
https://storage.cloud.google.com/httquseragentlogon/index.html,1,phishtank,storage.cloud.google.com,2025-10-18 13:42:39
https://www.service.gov,0,generated_legitimate,www.service.gov,2025-10-18 13:42:39
https://cnoneu1n.vercel.app/,1,phishtank,cnoneu1n.vercel.app,2025-10-18 13:42:39
https://bt-2025-billajsdnk.weeblysite.com/,1,phishtank,bt-2025-billajsdnk.weeblysite.com,2025-10-18 13:42:39
https://www.apple.com/about,0,curated_legitimate,www.apple.com,2025-10-18 13:42:39
https://hometrade-nomura.uir5rg.top,1,phishtank,hometrade-nomura.uir5rg.top,2025-10-18 13:42:39
http://allegrolokalnie.pl-oferta-981246-elektronika.icu/,1,phishtank,allegrolokalnie.pl-oferta-981246-elektronika.icu,2025-10-18 13:42:39
https://www.service.org,0,generated_legitimate,www.service.org,2025-10-18 13:42:39
https://btinternetcomjnjjbh-cyz9.glide.page/dl/67b360,1,phishtank,btinternetcomjnjjbh-cyz9.glide.page,2025-10-18 13:42:39
https://secure-trzrlogin-eng-cco.pages.dev/,1,phishtank,secure-trzrlogin-eng-cco.pages.dev,2025-10-18 13:42:39
https://inc-get-account-help.com/captcha,1,phishtank,inc-get-account-help.com,2025-10-18 13:42:39
https://www.bbc.com/support,0,curated_legitimate,www.bbc.com,2025-10-18 13:42:39
https://www.clinic.gov,0,generated_legitimate,www.clinic.gov,2025-10-18 13:42:39
https://www.youtube.com/signup,0,curated_legitimate,www.youtube.com,2025-10-18 13:42:39
https://snip.ly/kzvq4e,1,phishtank,snip.ly,2025-10-18 13:42:39
https://l3.cuap.click/?fbclid=IwY2xjawNbIhVleHRuA2FlbQIxMABicmlkETFsZWJoRzRuVEJFTHlFaFcyAR5pTym2nY0F20dRezYii5mui2l8LpRP8oHBFO2TBKmV1SmTA1oxzRfKz6axjQ_aem_8RMyRh-OLTOIqA0yBmtlDQ,1,phishtank,l3.cuap.click,2025-10-18 13:42:39
https://www.shop.com,0,generated_legitimate,www.shop.com,2025-10-18 13:42:39
https://www.university.com,0,generated_legitimate,www.university.com,2025-10-18 13:42:39
https://23094583-wonder-products-kr4ck.sitebeat.crazydomains.com/,1,phishtank,23094583-wonder-products-kr4ck.sitebeat.crazydomains.com,2025-10-18 13:42:39
https://maxibrant.com/banking.dkb_de.php,1,phishtank,maxibrant.com,2025-10-18 13:42:39
https://trendingindustries.nl/max.card/card-actions/sourceGA/,1,phishtank,trendingindustries.nl,2025-10-18 13:42:39
https://antai-paiment-retard.com/as.php,1,phishtank,antai-paiment-retard.com,2025-10-18 13:42:39
https://notification-mabanqu.surge.sh/pages/region.html,1,phishtank,notification-mabanqu.surge.sh,2025-10-18 13:42:39
https://pay.baixacursos.shop/xQBPZvRJKlVZmVq,1,phishtank,pay.baixacursos.shop,2025-10-18 13:42:39
https://www.zoom.us/login,0,curated_legitimate,www.zoom.us,2025-10-18 13:42:39
https://navermail-login.vercel.app/,1,openphish,navermail-login.vercel.app,2025-10-18 13:42:39
https://www.netflix.com,0,curated_legitimate,www.netflix.com,2025-10-18 13:42:39
https://www.shop.net,0,generated_legitimate,www.shop.net,2025-10-18 13:42:39
https://www.facebook.com/contact,0,curated_legitimate,www.facebook.com,2025-10-18 13:42:39
https://www.github.com/login,0,curated_legitimate,www.github.com,2025-10-18 13:42:39
https://www.dropbox.com/support,0,curated_legitimate,www.dropbox.com,2025-10-18 13:42:39
https://www.ebay.com/signup,0,curated_legitimate,www.ebay.com,2025-10-18 13:42:39
https://www.stackoverflow.com/support,0,curated_legitimate,www.stackoverflow.com,2025-10-18 13:42:39
https://www.amazon.com/support,0,curated_legitimate,www.amazon.com,2025-10-18 13:42:39
http://buy-ledger.webflow.io/,1,openphish,buy-ledger.webflow.io,2025-10-18 13:42:39
https://www.amazon.com,0,curated_legitimate,www.amazon.com,2025-10-18 13:42:39
https://www.market.org,0,generated_legitimate,www.market.org,2025-10-18 13:42:39
https://www.bank.org,0,generated_legitimate,www.bank.org,2025-10-18 13:42:39
https://accountdsny-supports.com/captcha,1,phishtank,accountdsny-supports.com,2025-10-18 13:42:39
https://kkinstagram.com/reel/DP6q5RJiCgq/?igsh=b3Ewbmd3MXZhY3dv,1,openphish,kkinstagram.com,2025-10-18 13:42:39
https://www.sbisec.co.jp.flm22wg.cyou/ETGate/,1,phishtank,www.sbisec.co.jp.flm22wg.cyou,2025-10-18 13:42:39
https://bet73091.com/egame/255,1,phishtank,bet73091.com,2025-10-18 13:42:39
https://www.paypal.com/contact,0,curated_legitimate,www.paypal.com,2025-10-18 13:42:39
https://tinyurl.com/3jzu3r7x,1,phishtank,tinyurl.com,2025-10-18 13:42:39
https://www.library.edu,0,generated_legitimate,www.library.edu,2025-10-18 13:42:39
https://cf19ih.cfd/ubkwgbys/hMp0Px/7,1,phishtank,cf19ih.cfd,2025-10-18 13:42:39
https://docs.google.com/presentation/d/e/2PACX-1vR0NkCoIilOtjq_xESGlcCxqepnvfN2pAgs_VrtB2giqUW-AU2aszqwCYb4fNE23R4WKYH1T7uzDUGn/pub?start=false&amp;loop=false&amp;delayms=3000,1,phishtank,docs.google.com,2025-10-18 13:42:39
https://creditoprodubanco.surge.sh/?fbclid=IwY2xjawNbL4RleHRuA2FlbQIxMABicmlkETFsZWJoRzRuVEJFTHlFaFcyAR5h8DWypYnJXueE9O3w6tLbPSwCMCSmG59EcevNyN14USjZSniYSwYnVPvr6Q_aem_eK-6OKUo_n8It6Fou2_96A,1,phishtank,creditoprodubanco.surge.sh,2025-10-18 13:42:39
https://www.shop.org,0,generated_legitimate,www.shop.org,2025-10-18 13:42:39
https://www.library.gov,0,generated_legitimate,www.library.gov,2025-10-18 13:42:39
https://www.wikipedia.org/help,0,curated_legitimate,www.wikipedia.org,2025-10-18 13:42:39
https://www.cnn.com/about,0,curated_legitimate,www.cnn.com,2025-10-18 13:42:39
https://www.slack.com,0,curated_legitimate,www.slack.com,2025-10-18 13:42:39
https://www.microsoft.com/help,0,curated_legitimate,www.microsoft.com,2025-10-18 13:42:39
https://pub-030224dc34df40e2906268a89a1655b0.r2.dev/index.html?id=zyo07wskoh,1,phishtank,pub-030224dc34df40e2906268a89a1655b0.r2.dev,2025-10-18 13:42:39
https://www.school.net,0,generated_legitimate,www.school.net,2025-10-18 13:42:39
https://www.reddit.com/signup,0,curated_legitimate,www.reddit.com,2025-10-18 13:42:39
http://disneyplus.lillbjorkensbyggeri.se,1,phishtank,disneyplus.lillbjorkensbyggeri.se,2025-10-18 13:42:39
https://escorzagroup.com/rspc.php?verified=true,1,phishtank,escorzagroup.com,2025-10-18 13:42:39
https://www.slack.com/support,0,curated_legitimate,www.slack.com,2025-10-18 13:42:39
https://www.salesforce.com,0,curated_legitimate,www.salesforce.com,2025-10-18 13:42:39
https://www.adobe.com/login,0,curated_legitimate,www.adobe.com,2025-10-18 13:42:39
https://www.nytimes.com/about,0,curated_legitimate,www.nytimes.com,2025-10-18 13:42:39
https://www.blog.com,0,generated_legitimate,www.blog.com,2025-10-18 13:42:39
https://auvillagerasta.com/NG,1,phishtank,auvillagerasta.com,2025-10-18 13:42:39
https://www.medium.com/about,0,curated_legitimate,www.medium.com,2025-10-18 13:42:39
https://www.netflix.com/support,0,curated_legitimate,www.netflix.com,2025-10-18 13:42:39
https://ameli-actif.com/,1,phishtank,ameli-actif.com,2025-10-18 13:42:39
https://www.slack.com/contact,0,curated_legitimate,www.slack.com,2025-10-18 13:42:39
https://mymtttuyw56e5.weeblysite.com/,1,phishtank,mymtttuyw56e5.weeblysite.com,2025-10-18 13:42:39
https://www.reddit.com/login,0,curated_legitimate,www.reddit.com,2025-10-18 13:42:39
https://p9zyri.cfd/tqajudic/WwjIVl/7,1,phishtank,p9zyri.cfd,2025-10-18 13:42:39
https://www.wikipedia.org,0,curated_legitimate,www.wikipedia.org,2025-10-18 13:42:39
https://corp1.negocie-aqui.online/trc/c/313838307c7e7c3-634343233373235-7c7e7c5265736f6-c75c3a7c3a36f20-73696d706c69666-9636164613a2050-616e69666963616-46f72612c20636f-6e6669726120617-3206f70c3a7c3b5-657320636f6d204-97461c3ba20456d-7072657361737c7-e7c363137313335-3536337c7e7c687-47470733a2f2f72-622e72656e65676-f636961706a2e69-7461752e636f6d2-e62722f652f6e39-674c674f797c7e7-c31383830434c49-353532383631313-438363865336463-316530616366364-150493634343233-373235/,1,phishtank,corp1.negocie-aqui.online,2025-10-18 13:42:39
https://challengeszone.world/,1,phishtank,challengeszone.world,2025-10-18 13:42:39
https://base.hastingsstreetblues.com/,1,phishtank,base.hastingsstreetblues.com,2025-10-18 13:42:39
https://www.twitter.com/signup,0,curated_legitimate,www.twitter.com,2025-10-18 13:42:39
https://www.salesforce.com/contact,0,curated_legitimate,www.salesforce.com,2025-10-18 13:42:39
https://web.tv2east.dk/redirect/mainx1.html?username=redacted@abuse.ionos.com,1,phishtank,web.tv2east.dk,2025-10-18 13:42:39
https://securefilesharedencryptvixhddcsniufmtcsfvdcddecsspilstsfstopp.weebly.com/,1,phishtank,securefilesharedencryptvixhddcsniufmtcsfvdcddecsspilstsfstopp.weebly.com,2025-10-18 13:42:39
https://www.twitch.tv/signup,0,curated_legitimate,www.twitch.tv,2025-10-18 13:42:39
https://www.facebook.com/login,0,curated_legitimate,www.facebook.com,2025-10-18 13:42:39
https://www.zoom.us/support,0,curated_legitimate,www.zoom.us,2025-10-18 13:42:39
https://mailboxupdateteams.weebly.com/,1,phishtank,mailboxupdateteams.weebly.com,2025-10-18 13:42:39
https://docs.google.com/drawings/d/1Rb53EgrCJDl-NIkbwHh_cSilohi6UdgJ9lm8lJBuMlA/edit,1,phishtank,docs.google.com,2025-10-18 13:42:39
https://kysgo.pe/Client/am/infospage.php,1,phishtank,kysgo.pe,2025-10-18 13:42:39
https://godly-sign95s1dff0sdf450df1220f2e10.surge.sh/,1,phishtank,godly-sign95s1dff0sdf450df1220f2e10.surge.sh,2025-10-18 13:42:39
https://nyhxqxa09.ukit.me/,1,phishtank,nyhxqxa09.ukit.me,2025-10-18 13:42:39
https://www.shop.edu,0,generated_legitimate,www.shop.edu,2025-10-18 13:42:39
https://us11.campaign-archive.com/?e=ad80af8730&u=9f0f6011c0c40242ddea569d7&id=5756384698,1,phishtank,us11.campaign-archive.com,2025-10-18 13:42:39
https://www.pinterest.com/help,0,curated_legitimate,www.pinterest.com,2025-10-18 13:42:39
https://www.youtube.com/login,0,curated_legitimate,www.youtube.com,2025-10-18 13:42:39
https://www.adobe.com/support,0,curated_legitimate,www.adobe.com,2025-10-18 13:42:39
https://www.nytimes.com/support,0,curated_legitimate,www.nytimes.com,2025-10-18 13:42:39
https://www.microsoft.com/contact,0,curated_legitimate,www.microsoft.com,2025-10-18 13:42:39
http://eng-bridg-trezo.netlify.app,1,phishtank,eng-bridg-trezo.netlify.app,2025-10-18 13:42:39
https://www.library.com,0,generated_legitimate,www.library.com,2025-10-18 13:42:39
https://qinyuancrm.com/www.rakuten-card.co.jp,1,phishtank,qinyuancrm.com,2025-10-18 13:42:39
https://www.linkedin.com/help,0,curated_legitimate,www.linkedin.com,2025-10-18 13:42:39
https://www.facebook.com/support,0,curated_legitimate,www.facebook.com,2025-10-18 13:42:39
https://shorter.me/uH93K,1,phishtank,shorter.me,2025-10-18 13:42:39
https://www.tumblr.com/login,0,curated_legitimate,www.tumblr.com,2025-10-18 13:42:39
https://kkinstagram.com/reel/DM4bH1Ztdxa/?igsh=aDJ2d3piMXUyd21v,1,openphish,kkinstagram.com,2025-10-18 13:42:39
https://coursier-mrelay.com/as.php,1,phishtank,coursier-mrelay.com,2025-10-18 13:42:39
https://www.amazon.com/signup,0,curated_legitimate,www.amazon.com,2025-10-18 13:42:39
http://smbc-card63x.club,1,phishtank,smbc-card63x.club,2025-10-18 13:42:39
https://www.slack.com/help,0,curated_legitimate,www.slack.com,2025-10-18 13:42:39
https://sharonenchanting.sellfy.store/,1,phishtank,sharonenchanting.sellfy.store,2025-10-18 13:42:39
https://bcibc.top,1,phishtank,bcibc.top,2025-10-18 13:42:39
https://irs.mobile-xfjp.cc/us/,1,phishtank,irs.mobile-xfjp.cc,2025-10-18 13:42:39
https://t.co/Pm1yXsA2SU,1,phishtank,t.co,2025-10-18 13:42:39
https://www.linkedin.com/about,0,curated_legitimate,www.linkedin.com,2025-10-18 13:42:39
https://millennium-bcp.sbs/,1,phishtank,millennium-bcp.sbs,2025-10-18 13:42:39
https://www.paypal.com/support,0,curated_legitimate,www.paypal.com,2025-10-18 13:42:39
https://www.salesforce.com/support,0,curated_legitimate,www.salesforce.com,2025-10-18 13:42:39
https://www.spotify.com/login,0,curated_legitimate,www.spotify.com,2025-10-18 13:42:39
https://www.linkedin.com,0,curated_legitimate,www.linkedin.com,2025-10-18 13:42:39
http://allegro.pl-oferta3906094.sbs,1,phishtank,allegro.pl-oferta3906094.sbs,2025-10-18 13:42:39
https://vim.igv.mybluehost.me/web/api/perso.html,1,phishtank,vim.igv.mybluehost.me,2025-10-18 13:42:39
https://www.instagram.com/login,0,curated_legitimate,www.instagram.com,2025-10-18 13:42:39
https://3f272994-bdcc-47af-bd62-0876ff232c97-00-1pzxrlu6qrhe5.worf.replit.dev/,1,phishtank,3f272994-bdcc-47af-bd62-0876ff232c97-00-1pzxrlu6qrhe5.worf.replit.dev,2025-10-18 13:42:39
https://fr-pickup-expd.com/as.php,1,phishtank,fr-pickup-expd.com,2025-10-18 13:42:39
https://www.twitter.com/contact,0,curated_legitimate,www.twitter.com,2025-10-18 13:42:39
https://omsb15d0.duckdns.org,1,phishtank,omsb15d0.duckdns.org,2025-10-18 13:42:39
https://docs.google.com/drawings/d/1LnvJeR-nc379gpsQwXUKvHtfFGttKY8z7ufpyCOKz-c/edit,1,phishtank,docs.google.com,2025-10-18 13:42:39
https://docs.google.com/drawings/d/1bDpGA9sUPbmun2tQDfed-kp1qZ0_RJaKerBzJjSbk3E/edit,1,phishtank,docs.google.com,2025-10-18 13:42:39
https://llc-centro-de-ayuda.com/captcha,1,phishtank,llc-centro-de-ayuda.com,2025-10-18 13:42:39
https://help-coiinbascom-wellet.pages.dev/,1,phishtank,help-coiinbascom-wellet.pages.dev,2025-10-18 13:42:39
https://www.amazon.com/about,0,curated_legitimate,www.amazon.com,2025-10-18 13:42:39
https://cf34744-wordpress-0dgs0.tw1.ru/wp-content/plugins/vsndd-jvca/vsndd-jvca/pages/region.php?lca#0f3cb9760ed8df2cb,1,phishtank,cf34744-wordpress-0dgs0.tw1.ru,2025-10-18 13:42:39
https://czbnjn.com/tscubic.com/login,1,phishtank,czbnjn.com,2025-10-18 13:42:39
https://booking-verification-id9661.com/256871860,1,phishtank,booking-verification-id9661.com,2025-10-18 13:42:39
https://www.instagram.com/help,0,curated_legitimate,www.instagram.com,2025-10-18 13:42:39
https://www.service.com,0,generated_legitimate,www.service.com,2025-10-18 13:42:39
https://www.microsoft.com/login,0,curated_legitimate,www.microsoft.com,2025-10-18 13:42:39
https://conscientious-today-070969.framer.app/,1,phishtank,conscientious-today-070969.framer.app,2025-10-18 13:42:39
https://www.clinic.com,0,generated_legitimate,www.clinic.com,2025-10-18 13:42:39
https://app.resgaterenovacao.live,1,phishtank,app.resgaterenovacao.live,2025-10-18 13:42:39
https://www.facebook.com/about,0,curated_legitimate,www.facebook.com,2025-10-18 13:42:39
https://www.netflix.com/contact,0,curated_legitimate,www.netflix.com,2025-10-18 13:42:39
https://www.insurance.com,0,generated_legitimate,www.insurance.com,2025-10-18 13:42:39
https://www.museum.org,0,generated_legitimate,www.museum.org,2025-10-18 13:42:39
https://www.blog.gov,0,generated_legitimate,www.blog.gov,2025-10-18 13:42:39
https://www.university.net,0,generated_legitimate,www.university.net,2025-10-18 13:42:39
https://allegrolokalnie.pi-id678192739.rest,1,phishtank,allegrolokalnie.pi-id678192739.rest,2025-10-18 13:42:39
https://www.tumblr.com/help,0,curated_legitimate,www.tumblr.com,2025-10-18 13:42:39
https://www.service.net,0,generated_legitimate,www.service.net,2025-10-18 13:42:39
https://www.netflix.com/about,0,curated_legitimate,www.netflix.com,2025-10-18 13:42:39
https://www.slack.com/login,0,curated_legitimate,www.slack.com,2025-10-18 13:42:39
https://server.steadydevelopmentcenter.com/frontend/blocks/,1,phishtank,server.steadydevelopmentcenter.com,2025-10-18 13:42:39
https://www.blog.net,0,generated_legitimate,www.blog.net,2025-10-18 13:42:39
https://www.twitch.tv/help,0,curated_legitimate,www.twitch.tv,2025-10-18 13:42:39
https://www.bank.gov,0,generated_legitimate,www.bank.gov,2025-10-18 13:42:39
https://www.apple.com/login,0,curated_legitimate,www.apple.com,2025-10-18 13:42:39
http://www.bet365-db.com/,1,openphish,www.bet365-db.com,2025-10-18 13:42:39
https://www.school.gov,0,generated_legitimate,www.school.gov,2025-10-18 13:42:39
https://imperior.im/panteion/index.html,1,phishtank,imperior.im,2025-10-18 13:42:39
https://spankki.tech/Mnet/e0a4040/,1,phishtank,spankki.tech,2025-10-18 13:42:39
https://lexieconsulting.com/,1,phishtank,lexieconsulting.com,2025-10-18 13:42:39
https://www.cnn.com/signup,0,curated_legitimate,www.cnn.com,2025-10-18 13:42:39
https://validate0-idyGcl-dot-mail-auth-001100.uw.r.appspot.com/#amFzb25AamdhcmRhc2guY29t,1,phishtank,validate0-idygcl-dot-mail-auth-001100.uw.r.appspot.com,2025-10-18 13:42:39
http://allegrolokalnie.pl-oferta5132814551.shop,1,phishtank,allegrolokalnie.pl-oferta5132814551.shop,2025-10-18 13:42:39
https://bafybeidrncdgkcicnf3it7zp2d37rvtb3mnspyktqqw4k6fxnwj2agmgni.ipfs.dweb.link/cPweb11.html,1,phishtank,bafybeidrncdgkcicnf3it7zp2d37rvtb3mnspyktqqw4k6fxnwj2agmgni.ipfs.dweb.link,2025-10-18 13:42:39
https://www.microsoft.com/signup,0,curated_legitimate,www.microsoft.com,2025-10-18 13:42:39
https://www.netflix.com/login,0,curated_legitimate,www.netflix.com,2025-10-18 13:42:39
https://docs.google.com/drawings/d/1NBylvNo_uzUgISlkwVFCoc0lkJpdYrkepE0CdlaL_2s/edit,1,phishtank,docs.google.com,2025-10-18 13:42:39
https://www.quora.com/signup,0,curated_legitimate,www.quora.com,2025-10-18 13:42:39
https://defra.wpenginepowered.com/in/?js=1,1,phishtank,defra.wpenginepowered.com,2025-10-18 13:42:39
https://www.stackoverflow.com/help,0,curated_legitimate,www.stackoverflow.com,2025-10-18 13:42:39
https://sanybank.fmdeh6.top/,1,phishtank,sanybank.fmdeh6.top,2025-10-18 13:42:39
http://cognateglobal.com/updated/backup-old/wp-content/plugins/woocommerce/packages/woocommerce-blocks/assets/js/base/components/chip/test/__snapshots__/type.php?r=bD1odHRwczovL29ub2t1bmRlLnBhZ2VzLmRldi8/ZW09ZGk1M1pYSnVaWEpBWW05a1pXNXpiMmh1TFhkbGNtNWxjaTVrWlE9PQ=,1,phishtank,cognateglobal.com,2025-10-18 13:42:39
https://duhysyjgy.duckdns.org,1,phishtank,duhysyjgy.duckdns.org,2025-10-18 13:42:39
https://www.linkedin.com/login,0,curated_legitimate,www.linkedin.com,2025-10-18 13:42:39
https://walletseting.org/wallets/index.html,1,phishtank,walletseting.org,2025-10-18 13:42:39
https://rebrand.ly/e99ccd,1,phishtank,rebrand.ly,2025-10-18 13:42:39
https://www.pinterest.com,0,curated_legitimate,www.pinterest.com,2025-10-18 13:42:39
https://www.zoom.us/about,0,curated_legitimate,www.zoom.us,2025-10-18 13:42:39
https://www.college.edu,0,generated_legitimate,www.college.edu,2025-10-18 13:42:39
https://allegrolokalnie.pl-23443366421247652514167283838929713oferta.cfd,1,phishtank,allegrolokalnie.pl-23443366421247652514167283838929713oferta.cfd,2025-10-18 13:42:39
https://www.microsoft.com/about,0,curated_legitimate,www.microsoft.com,2025-10-18 13:42:39
https://www.blog.org,0,generated_legitimate,www.blog.org,2025-10-18 13:42:39
https://www.paypal.com/signup,0,curated_legitimate,www.paypal.com,2025-10-18 13:42:39
https://obnovipredplatnenetflix.com/index.php,1,phishtank,obnovipredplatnenetflix.com,2025-10-18 13:42:39
https://airconditioningnorthhouston.com/wp-content/plugins/vpcrhmd/j/jegan.html,1,phishtank,airconditioningnorthhouston.com,2025-10-18 13:42:39
http://4fb48df1.gjiniherbal.com/?0c98e&id=bnights.be,1,phishtank,4fb48df1.gjiniherbal.com,2025-10-18 13:42:39
http://smbc-log.com,1,phishtank,smbc-log.com,2025-10-18 13:42:39
https://syncconnectflrs.online/connect,1,phishtank,syncconnectflrs.online,2025-10-18 13:42:39
https://support-uphold-com-eng.pages.dev/,1,phishtank,support-uphold-com-eng.pages.dev,2025-10-18 13:42:39
https://www.pinterest.com/login,0,curated_legitimate,www.pinterest.com,2025-10-18 13:42:39
https://vabdteko.za.com/beneficioproduban/,1,phishtank,vabdteko.za.com,2025-10-18 13:42:39
https://www.medium.com/support,0,curated_legitimate,www.medium.com,2025-10-18 13:42:39
https://www.adobe.com/contact,0,curated_legitimate,www.adobe.com,2025-10-18 13:42:39
https://www.facebook.com/help,0,curated_legitimate,www.facebook.com,2025-10-18 13:42:39
http://www.tap3877rp0.cc/,1,openphish,www.tap3877rp0.cc,2025-10-18 13:42:39
https://whhmovil.webcindario.com,1,phishtank,whhmovil.webcindario.com,2025-10-18 13:42:39
https://bit.ly/4mlnwVh,1,phishtank,bit.ly,2025-10-18 13:42:39
https://anasmemon670.github.io/Netflix-Pakistan-watch-TV-Shows-Online/,1,openphish,anasmemon670.github.io,2025-10-18 13:42:39
https://polite-feedback-501090.framer.app,1,phishtank,polite-feedback-501090.framer.app,2025-10-18 13:42:39
http://allegrolokalnie.kategoria7491264728414.shop,1,phishtank,allegrolokalnie.kategoria7491264728414.shop,2025-10-18 13:42:39
https://www.dropbox.com/about,0,curated_legitimate,www.dropbox.com,2025-10-18 13:42:39
https://www.reddit.com/about,0,curated_legitimate,www.reddit.com,2025-10-18 13:42:39
http://sawiosl-f51a2.web.app/,1,openphish,sawiosl-f51a2.web.app,2025-10-18 13:42:39
https://segy.zip,1,phishtank,segy.zip,2025-10-18 13:42:39
https://www.salesforce.com/login,0,curated_legitimate,www.salesforce.com,2025-10-18 13:42:39
https://www.spotify.com/help,0,curated_legitimate,www.spotify.com,2025-10-18 13:42:39
https://a80fwc.cfd/u2jp6plx/H5MWZE/7,1,phishtank,a80fwc.cfd,2025-10-18 13:42:39
https://www.cuscatianwgift.com/sv,1,phishtank,www.cuscatianwgift.com,2025-10-18 13:42:39
https://legarslivewallet.pages.dev/,1,phishtank,legarslivewallet.pages.dev,2025-10-18 13:42:39
https://www.reddit.com/contact,0,curated_legitimate,www.reddit.com,2025-10-18 13:42:39
https://meta-elyn-17z.pages.dev/,1,openphish,meta-elyn-17z.pages.dev,2025-10-18 13:42:39
https://www.stackoverflow.com/signup,0,curated_legitimate,www.stackoverflow.com,2025-10-18 13:42:39
https://docs.google.com/drawings/d/15rdrVeWSZcdwKmb7bhYU5_nx6t-SbdKXr1q8FD-T_Ek/edit,1,phishtank,docs.google.com,2025-10-18 13:42:39
https://telekompunktekonto.hosted.phplist.com/lists/?p=subscribe&id=2,1,phishtank,telekompunktekonto.hosted.phplist.com,2025-10-18 13:42:39
https://www.library.org,0,generated_legitimate,www.library.org,2025-10-18 13:42:39
https://amroe-4cpcr.wstd.io/,1,phishtank,amroe-4cpcr.wstd.io,2025-10-18 13:42:39
https://docs.google.com/drawings/d/1WBTyVaeCzhudyc1DoI89m-HiYJIJh9zE4FZeyPN7giU/edit,1,phishtank,docs.google.com,2025-10-18 13:42:39
https://tbc.yox.mybluehost.me/wp-includes/block-patterns/nds/T-online-fixed/Login/,1,phishtank,tbc.yox.mybluehost.me,2025-10-18 13:42:39
http://smbc-cardlo6.club,1,phishtank,smbc-cardlo6.club,2025-10-18 13:42:39
https://docs.google.com/drawings/d/1Prw28UKuPW39xwy58dbvzo7T4ZaD54WF2fY4hIa7038/edit,1,phishtank,docs.google.com,2025-10-18 13:42:39
https://supportrecover.s3.eu-north-1.amazonaws.com/recovery.html,1,phishtank,supportrecover.s3.eu-north-1.amazonaws.com,2025-10-18 13:42:39
https://www.youtube.com/contact,0,curated_legitimate,www.youtube.com,2025-10-18 13:42:39
https://www.zoom.us,0,curated_legitimate,www.zoom.us,2025-10-18 13:42:39
https://www.live-tokensmintnow7.vercel.app/,1,openphish,www.live-tokensmintnow7.vercel.app,2025-10-18 13:42:39
https://4t29qqb95.duckdns.org/,1,phishtank,4t29qqb95.duckdns.org,2025-10-18 13:42:39
https://www.twitch.tv/login,0,curated_legitimate,www.twitch.tv,2025-10-18 13:42:39
https://www.google.com,0,curated_legitimate,www.google.com,2025-10-18 13:42:39
https://www.store.edu,0,generated_legitimate,www.store.edu,2025-10-18 13:42:39
https://kandrlearning.com/8fbbf/Sign%20In%20-%20Apple.htm,1,openphish,kandrlearning.com,2025-10-18 13:42:39
https://www.ebay.com/contact,0,curated_legitimate,www.ebay.com,2025-10-18 13:42:39
https://www.news.org,0,generated_legitimate,www.news.org,2025-10-18 13:42:39
https://www.adobe.com,0,curated_legitimate,www.adobe.com,2025-10-18 13:42:39
https://www.google.com/login,0,curated_legitimate,www.google.com,2025-10-18 13:42:39
https://www.paypal.com/help,0,curated_legitimate,www.paypal.com,2025-10-18 13:42:39
https://www.reddit.com,0,curated_legitimate,www.reddit.com,2025-10-18 13:42:39
https://docs.google.com/drawings/d/10zurJ1TMTW8v7hKdF1ujwMRDMZfON5UzXl2RjQ1Qe-8/edit,1,phishtank,docs.google.com,2025-10-18 13:42:39
https://ly.cmcndt6.sa.com/.well-known/sparkass/reg.php,1,phishtank,ly.cmcndt6.sa.com,2025-10-18 13:42:39
https://www.apple.com/signup,0,curated_legitimate,www.apple.com,2025-10-18 13:42:39
https://metamsk-lgin.typedream.app/,1,phishtank,metamsk-lgin.typedream.app,2025-10-18 13:42:39
https://docs.zoom.us/doc/inKQRy7dQMCnhbgwlALuOA,1,phishtank,docs.zoom.us,2025-10-18 13:42:39
https://www.github.com,0,curated_legitimate,www.github.com,2025-10-18 13:42:39
https://smbcard.verify.co.jp.iop245.com/v2/check,1,phishtank,smbcard.verify.co.jp.iop245.com,2025-10-18 13:42:39
https://urlz.fr/uS71,1,phishtank,urlz.fr,2025-10-18 13:42:39
https://novobpnco.top/,1,phishtank,novobpnco.top,2025-10-18 13:42:39
https://1mz34.trk.elasticemail.com/tracking/click?d=HAOj8RIAcody1b-0-YmEVWmIn3sxU3KeRVPAESTYsQ6z1yDqnnMSsEJdspVtBar7tCSCE_HagXWPOKE7HvHWQVZ25-lz4Fqhzi_CoTzuhF9wsax64Fm9ZKEAlUpOp3BhPiNSqcgOTOlSxqHgWvNQ_8s1#c2VydmljZUBkc2ZmLmRl,1,phishtank,1mz34.trk.elasticemail.com,2025-10-18 13:42:39
https://www.bbc.com/help,0,curated_legitimate,www.bbc.com,2025-10-18 13:42:39
https://myaccount.docomo-statementc.cfd/auth/cgi/,1,phishtank,myaccount.docomo-statementc.cfd,2025-10-18 13:42:39
https://www-client-mardi-paiement.com/,1,phishtank,www-client-mardi-paiement.com,2025-10-18 13:42:39
https://mrelectricstove.com/fgaeaxqn,1,phishtank,mrelectricstove.com,2025-10-18 13:42:39
https://allegrolokalnie.pl-kategoria293484925.shop/oferta/xbox-series-x-1-tb-2-pady-okazja/6puo33mkMyal1bzYv,1,phishtank,allegrolokalnie.pl-kategoria293484925.shop,2025-10-18 13:42:39
https://www.market.net,0,generated_legitimate,www.market.net,2025-10-18 13:42:39
https://www.twitch.tv/contact,0,curated_legitimate,www.twitch.tv,2025-10-18 13:42:39
https://shortlink.created.app/cfJQ8N,1,phishtank,shortlink.created.app,2025-10-18 13:42:39
https://www.linkedin.com/contact,0,curated_legitimate,www.linkedin.com,2025-10-18 13:42:39
https://tinyurl.com/dfghjkdfghjk,1,phishtank,tinyurl.com,2025-10-18 13:42:39
https://www.news.com,0,generated_legitimate,www.news.com,2025-10-18 13:42:39
https://www.tumblr.com/signup,0,curated_legitimate,www.tumblr.com,2025-10-18 13:42:39
https://www.microsoft.com/support,0,curated_legitimate,www.microsoft.com,2025-10-18 13:42:39
https://outlook-web-access-0e0128.webflow.io/,1,phishtank,outlook-web-access-0e0128.webflow.io,2025-10-18 13:42:39
https://www.zoom.us/help,0,curated_legitimate,www.zoom.us,2025-10-18 13:42:39
https://acheminement-mercredi-fr.com/,1,phishtank,acheminement-mercredi-fr.com,2025-10-18 13:42:39
https://www.ebay.com,0,curated_legitimate,www.ebay.com,2025-10-18 13:42:39
https://exped-mrelay-mobile.com/as.php,1,phishtank,exped-mrelay-mobile.com,2025-10-18 13:42:39
https://www.dropbox.com/help,0,curated_legitimate,www.dropbox.com,2025-10-18 13:42:39
https://www.spotify.com/support,0,curated_legitimate,www.spotify.com,2025-10-18 13:42:39
https://portfolio-lxwyxib.format.com/sk,1,phishtank,portfolio-lxwyxib.format.com,2025-10-18 13:42:39
https://www.dropbox.com/contact,0,curated_legitimate,www.dropbox.com,2025-10-18 13:42:39
https://web-docu-co.info/,1,phishtank,web-docu-co.info,2025-10-18 13:42:39
https://www.surveymonkey.com/r/WZDJNFS,1,phishtank,www.surveymonkey.com,2025-10-18 13:42:39
https://ledgercryptowallet.pages.dev/,1,phishtank,ledgercryptowallet.pages.dev,2025-10-18 13:42:39
https://www.google.com/signup,0,curated_legitimate,www.google.com,2025-10-18 13:42:39
https://docs.google.com/document/d/1lRj7YfViSHGm436e4VWmu7GFib41GBu1b9udC5WqWpQ,1,phishtank,docs.google.com,2025-10-18 13:42:39
https://jisha.biciclettechiapuzzogiovanni.it/ccc/?456TY289HYU=45VGI90K2ED&x=pop,1,phishtank,jisha.biciclettechiapuzzogiovanni.it,2025-10-18 13:42:39
https://nvobnco.app/,1,phishtank,nvobnco.app,2025-10-18 13:42:39
https://www.twitch.tv/about,0,curated_legitimate,www.twitch.tv,2025-10-18 13:42:39
http://rtio0akmol.azurewebsites.net/,1,openphish,rtio0akmol.azurewebsites.net,2025-10-18 13:42:39
https://www.instagram.com/signup,0,curated_legitimate,www.instagram.com,2025-10-18 13:42:39
https://www.youtube.com/help,0,curated_legitimate,www.youtube.com,2025-10-18 13:42:39
https://doubleju-design.de/metaforbusines,1,phishtank,doubleju-design.de,2025-10-18 13:42:39
https://ajhygaioy.allheloves.com/ANLRKClahdp.co.jp,1,phishtank,ajhygaioy.allheloves.com,2025-10-18 13:42:39
https://walt-trazr-login.pages.dev/,1,phishtank,walt-trazr-login.pages.dev,2025-10-18 13:42:39
https://www.nytimes.com,0,curated_legitimate,www.nytimes.com,2025-10-18 13:42:39
http://smbc-cardvs2.club,1,phishtank,smbc-cardvs2.club,2025-10-18 13:42:39
https://smbcsuport.link,1,phishtank,smbcsuport.link,2025-10-18 13:42:39
https://www.pinterest.com/signup,0,curated_legitimate,www.pinterest.com,2025-10-18 13:42:39
http://io-starte-trezorr.netlify.app,1,phishtank,io-starte-trezorr.netlify.app,2025-10-18 13:42:39
https://srv2489924hoster.cfolks.pl/bd/auth/log.php,1,phishtank,srv2489924hoster.cfolks.pl,2025-10-18 13:42:39
https://t.co/fU6cAxEv0H,1,phishtank,t.co,2025-10-18 13:42:39
https://www.wikipedia.org/support,0,curated_legitimate,www.wikipedia.org,2025-10-18 13:42:39
https://sdjyyy.com/ch/,1,phishtank,sdjyyy.com,2025-10-18 13:42:39
https://www.bbc.com/login,0,curated_legitimate,www.bbc.com,2025-10-18 13:42:39
https://docs.google.com/presentation/d/e/2PACX-1vRqOFJEobg4Gcxj7YQ8tGJ2d8Mb1IOtXELsEajAF9V-UmgTzLfm6L23wbi8KeytokEaS8XnTIBQYAll/pub?start=false&amp;loop=false&amp;delayms=3000,1,phishtank,docs.google.com,2025-10-18 13:42:39
https://share.hsforms.com/1nD2gzp2HT4y2H-XFWNY0rwsofw8,1,phishtank,share.hsforms.com,2025-10-18 13:42:39
https://snow-priority-009686.framer.app/,1,phishtank,snow-priority-009686.framer.app,2025-10-18 13:42:39
https://aiolgerdtyvermuiyrt.weebly.com/,1,phishtank,aiolgerdtyvermuiyrt.weebly.com,2025-10-18 13:42:39
https://www.zoom.us/contact,0,curated_legitimate,www.zoom.us,2025-10-18 13:42:39
http://allegro.pl-oferta82940124.shop,1,phishtank,allegro.pl-oferta82940124.shop,2025-10-18 13:42:39
https://www.zoom.us/signup,0,curated_legitimate,www.zoom.us,2025-10-18 13:42:39
https://j7v6p4.sbs/u5fdqtqm/jnPzSm/7,1,phishtank,j7v6p4.sbs,2025-10-18 13:42:39
https://www.quora.com/support,0,curated_legitimate,www.quora.com,2025-10-18 13:42:39
https://docs.google.com/drawings/d/1ognoU6HNV7yQJBJ52Jc0zYZ4E_tLrUVFu6ry_7YWgCI/edit,1,phishtank,docs.google.com,2025-10-18 13:42:39
https://www.ebay.com/help,0,curated_legitimate,www.ebay.com,2025-10-18 13:42:39
https://www.stackoverflow.com,0,curated_legitimate,www.stackoverflow.com,2025-10-18 13:42:39
https://hometrade-nomura.saneryifacai.com/rmfIndex/,1,phishtank,hometrade-nomura.saneryifacai.com,2025-10-18 13:42:39
https://www.maxibrant.com/DHL_trackingU320517160VN.php,1,phishtank,www.maxibrant.com,2025-10-18 13:42:39
https://www.youtube.com/about,0,curated_legitimate,www.youtube.com,2025-10-18 13:42:39
https://www.college.org,0,generated_legitimate,www.college.org,2025-10-18 13:42:39
https://bhdcard1.webcindario.com,1,phishtank,bhdcard1.webcindario.com,2025-10-18 13:42:39
https://www.hospital.com,0,generated_legitimate,www.hospital.com,2025-10-18 13:42:39
https://www.twitter.com/about,0,curated_legitimate,www.twitter.com,2025-10-18 13:42:39
https://www.medium.com/signup,0,curated_legitimate,www.medium.com,2025-10-18 13:42:39
http://trez-io-start-cdn.netlify.app,1,phishtank,trez-io-start-cdn.netlify.app,2025-10-18 13:42:39
https://www.wikipedia.org/about,0,curated_legitimate,www.wikipedia.org,2025-10-18 13:42:39
https://www.wikipedia.org/contact,0,curated_legitimate,www.wikipedia.org,2025-10-18 13:42:39
https://www.surveymonkey.com/r/PNR896P,1,phishtank,www.surveymonkey.com,2025-10-18 13:42:39
https://mondialrelay-relivraison.it.com/as.php,1,phishtank,mondialrelay-relivraison.it.com,2025-10-18 13:42:39
https://www.sbisec.co.jp.ozzlzxltrf.cyou/v2/check,1,phishtank,www.sbisec.co.jp.ozzlzxltrf.cyou,2025-10-18 13:42:39
https://www.paypal.com/about,0,curated_legitimate,www.paypal.com,2025-10-18 13:42:39
https://upholed-login.pages.dev/,1,openphish,upholed-login.pages.dev,2025-10-18 13:42:39
https://btinternetcomxhcb-gsxk.glide.page/dl/654a31,1,phishtank,btinternetcomxhcb-gsxk.glide.page,2025-10-18 13:42:39
https://www.library.net,0,generated_legitimate,www.library.net,2025-10-18 13:42:39
https://www.ebay.com/about,0,curated_legitimate,www.ebay.com,2025-10-18 13:42:39
https://site-o39q4icu7.godaddysites.com/,1,phishtank,site-o39q4icu7.godaddysites.com,2025-10-18 13:42:39
https://www.stackoverflow.com/login,0,curated_legitimate,www.stackoverflow.com,2025-10-18 13:42:39
https://s3q0kc.duckdns.org/,1,phishtank,s3q0kc.duckdns.org,2025-10-18 13:42:39
https://www.amazon.com/contact,0,curated_legitimate,www.amazon.com,2025-10-18 13:42:39
https://allegro.pl-oferta86453.cfd,1,phishtank,allegro.pl-oferta86453.cfd,2025-10-18 13:42:39
https://ldger-live-desktp-io.pages.dev/,1,phishtank,ldger-live-desktp-io.pages.dev,2025-10-18 13:42:39
https://www.reddit.com/help,0,curated_legitimate,www.reddit.com,2025-10-18 13:42:39
https://urlz.fr/uSvw,1,phishtank,urlz.fr,2025-10-18 13:42:39
https://www.adobe.com/signup,0,curated_legitimate,www.adobe.com,2025-10-18 13:42:39
https://www.store.net,0,generated_legitimate,www.store.net,2025-10-18 13:42:39
http://allegrolokalnie.pl-oferta8328138193.shop,1,phishtank,allegrolokalnie.pl-oferta8328138193.shop,2025-10-18 13:42:39
https://0vb8cy.cfd/u5fdqtqm/jnPzSm/7,1,phishtank,0vb8cy.cfd,2025-10-18 13:42:39
https://www.bbc.com/contact,0,curated_legitimate,www.bbc.com,2025-10-18 13:42:39
https://www.store.gov,0,generated_legitimate,www.store.gov,2025-10-18 13:42:39
https://www.apple.com/contact,0,curated_legitimate,www.apple.com,2025-10-18 13:42:39
https://www.github.com/about,0,curated_legitimate,www.github.com,2025-10-18 13:42:39
https://www.cnn.com/login,0,curated_legitimate,www.cnn.com,2025-10-18 13:42:39
https://d-neo-bank-netbk.zg8cv.cyou/nbvcxzlkjh,1,phishtank,d-neo-bank-netbk.zg8cv.cyou,2025-10-18 13:42:39
https://v4-pancake-swap.app/,1,phishtank,v4-pancake-swap.app,2025-10-18 13:42:39
https://www.github.com/support,0,curated_legitimate,www.github.com,2025-10-18 13:42:39
https://www.apple.com/support,0,curated_legitimate,www.apple.com,2025-10-18 13:42:39
https://www.github.com/contact,0,curated_legitimate,www.github.com,2025-10-18 13:42:39
https://www.hospital.gov,0,generated_legitimate,www.hospital.gov,2025-10-18 13:42:39
https://robinhoodlogin-us.pages.dev/,1,phishtank,robinhoodlogin-us.pages.dev,2025-10-18 13:42:39
https://tvichile.cl/vamos/insr/,1,phishtank,tvichile.cl,2025-10-18 13:42:39
https://oxyflex.in/CHECKACCOUNT%202025/Sites/index.html,1,phishtank,oxyflex.in,2025-10-18 13:42:39
https://www.bank.edu,0,generated_legitimate,www.bank.edu,2025-10-18 13:42:39
https://exodus-wallet-ion.pages.dev/,1,phishtank,exodus-wallet-ion.pages.dev,2025-10-18 13:42:39
https://www.adobe.com/about,0,curated_legitimate,www.adobe.com,2025-10-18 13:42:39
https://docs.google.com/drawings/d/1ZANAKNz0U5zS1gZVEb5NUVH90PkLpep5ykJ_nvH04QI/edit,1,phishtank,docs.google.com,2025-10-18 13:42:39
https://www.twitter.com/help,0,curated_legitimate,www.twitter.com,2025-10-18 13:42:39
https://www.slack.com/about,0,curated_legitimate,www.slack.com,2025-10-18 13:42:39
https://o9gm6p.sbs/bh8yrjzu/DFUEV8,1,phishtank,o9gm6p.sbs,2025-10-18 13:42:39
https://www.instagram.com/support,0,curated_legitimate,www.instagram.com,2025-10-18 13:42:39
https://www.hospital.net,0,generated_legitimate,www.hospital.net,2025-10-18 13:42:39
https://0c1f9137-5629-4aa0-aec7-a2b5665681f4-00-2xhb4ji3r7z48.riker.replit.dev/,1,phishtank,0c1f9137-5629-4aa0-aec7-a2b5665681f4-00-2xhb4ji3r7z48.riker.replit.dev,2025-10-18 13:42:39
https://www.nytimes.com/help,0,curated_legitimate,www.nytimes.com,2025-10-18 13:42:39
https://bn-globaltech.sbs/,1,phishtank,bn-globaltech.sbs,2025-10-18 13:42:39
http://surakshakeralam.com/images,1,phishtank,surakshakeralam.com,2025-10-18 13:42:39
https://www.school.com,0,generated_legitimate,www.school.com,2025-10-18 13:42:39
https://www.linkedin.com/support,0,curated_legitimate,www.linkedin.com,2025-10-18 13:42:39
https://mollieobrien.com/lodge/otp2.html,1,phishtank,mollieobrien.com,2025-10-18 13:42:39
https://www.amazon.com/login,0,curated_legitimate,www.amazon.com,2025-10-18 13:42:39
https://docs.google.com/drawings/d/1cKvCDFK_ULPcGS7DqJkDAwUSkDph9GnZkM3N0j9oRrM/edit,1,phishtank,docs.google.com,2025-10-18 13:42:39
https://9819263016236019263.netlify.app/,1,phishtank,9819263016236019263.netlify.app,2025-10-18 13:42:39
https://www.insurance.edu,0,generated_legitimate,www.insurance.edu,2025-10-18 13:42:39
https://www.facebook.com,0,curated_legitimate,www.facebook.com,2025-10-18 13:42:39
https://pay.sorte-center.shop/a9ArZMlPmOW37xj,1,phishtank,pay.sorte-center.shop,2025-10-18 13:42:39
https://www.quora.com/login,0,curated_legitimate,www.quora.com,2025-10-18 13:42:39
https://staemcomunnity.cc/tradeoffer/new/?partner=16887993&amp;token=MfTyeiqx,1,phishtank,staemcomunnity.cc,2025-10-18 13:42:39
https://www.tumblr.com/contact,0,curated_legitimate,www.tumblr.com,2025-10-18 13:42:39
https://www.google.com/about,0,curated_legitimate,www.google.com,2025-10-18 13:42:39
https://www.slack.com/signup,0,curated_legitimate,www.slack.com,2025-10-18 13:42:39
https://www.school.edu,0,generated_legitimate,www.school.edu,2025-10-18 13:42:39
https://www.egate-help.com/captcha,1,phishtank,www.egate-help.com,2025-10-18 13:42:39
https://docs.google.com/presentation/d/e/2PACX-1vQg0d3o0iqEGk8aMgybYuEojALWN6KmVQ9hkpJ_HYs0RByS3B9Duy7YBm0l8Y-BkEZDLxWY1ndAvauS/pub?start=false&amp;loop=false&amp;delayms=3000,1,phishtank,docs.google.com,2025-10-18 13:42:39
https://relay-pickup.com/,1,phishtank,relay-pickup.com,2025-10-18 13:42:39
https://www.cnn.com,0,curated_legitimate,www.cnn.com,2025-10-18 13:42:39
https://urlz.fr/uS7R,1,phishtank,urlz.fr,2025-10-18 13:42:39
https://www.spotify.com,0,curated_legitimate,www.spotify.com,2025-10-18 13:42:39
https://atlasconnect.info/public/index.php,1,phishtank,atlasconnect.info,2025-10-18 13:42:39
https://www.google.com/contact,0,curated_legitimate,www.google.com,2025-10-18 13:42:39
https://wordpress-x4k8c80g44gsk08s8k84ogw4.800cme4ins.com/wp-content/uploads/allmoonder/index.html,1,phishtank,wordpress-x4k8c80g44gsk08s8k84ogw4.800cme4ins.com,2025-10-18 13:42:39
https://www.pinterest.com/contact,0,curated_legitimate,www.pinterest.com,2025-10-18 13:42:39
http://millennium-bcp.sbs,1,phishtank,millennium-bcp.sbs,2025-10-18 13:42:39
https://freepixelworldgems.weebly.com/,1,phishtank,freepixelworldgems.weebly.com,2025-10-18 13:42:39
https://docs.google.com/drawings/d/1O1C_07VfGewn5_yRVcNTERZ9t8vwUi0hvcpYPQdXgz0/edit,1,phishtank,docs.google.com,2025-10-18 13:42:39
https://www.google.com/support,0,curated_legitimate,www.google.com,2025-10-18 13:42:39
https://blueserver.nekoweb.org/verification-page/blueview.html,1,phishtank,blueserver.nekoweb.org,2025-10-18 13:42:39
https://www.hospital.edu,0,generated_legitimate,www.hospital.edu,2025-10-18 13:42:39
https://www.store.com,0,generated_legitimate,www.store.com,2025-10-18 13:42:39
https://www.news.net,0,generated_legitimate,www.news.net,2025-10-18 13:42:39
https://www.bank.com,0,generated_legitimate,www.bank.com,2025-10-18 13:42:39
https://tinyurl.com/mutapukt,1,phishtank,tinyurl.com,2025-10-18 13:42:39
http://live-tokensmintnow8.vercel.app/,1,openphish,live-tokensmintnow8.vercel.app,2025-10-18 13:42:39
https://www.dropbox.com/scl/fi/gh11cnhf1a1g3rg6fj0pg/Shared-a-doc.file-Invoice-INV10934.paper?rlkey=ucd5r87jisqd1ieg365rn8kc8&st=ahvubsoo&dl=0,1,phishtank,www.dropbox.com,2025-10-18 13:42:39
https://www.market.com,0,generated_legitimate,www.market.com,2025-10-18 13:42:39
https://www.adobe.com/help,0,curated_legitimate,www.adobe.com,2025-10-18 13:42:39
https://www.dropbox.com/login,0,curated_legitimate,www.dropbox.com,2025-10-18 13:42:39
https://www.dropbox.com,0,curated_legitimate,www.dropbox.com,2025-10-18 13:42:39
https://www.insurance.net,0,generated_legitimate,www.insurance.net,2025-10-18 13:42:39
https://docs.google.com/drawings/d/1nEtpeSKyw4TaOAMCTnvxdOUNaeO1fB5aDFXQmgpoFS4/edit,1,phishtank,docs.google.com,2025-10-18 13:42:39
http://allegro.pl-oferta894527652928.shop,1,phishtank,allegro.pl-oferta894527652928.shop,2025-10-18 13:42:39
https://local979statementsharepoint.jimdosite.com/,1,phishtank,local979statementsharepoint.jimdosite.com,2025-10-18 13:42:39
https://www.twitch.tv,0,curated_legitimate,www.twitch.tv,2025-10-18 13:42:39
https://www.quora.com,0,curated_legitimate,www.quora.com,2025-10-18 13:42:39
https://www.instagram.com/about,0,curated_legitimate,www.instagram.com,2025-10-18 13:42:39
http://appcontato.avisos-clientes.info,1,phishtank,appcontato.avisos-clientes.info,2025-10-18 13:42:39
https://www.school.org,0,generated_legitimate,www.school.org,2025-10-18 13:42:39
https://www.sap2313a26.cc/,1,openphish,www.sap2313a26.cc,2025-10-18 13:42:39
http://live-tokensmintnow3.vercel.app/,1,openphish,live-tokensmintnow3.vercel.app,2025-10-18 13:42:39
https://www.museum.edu,0,generated_legitimate,www.museum.edu,2025-10-18 13:42:39
https://www.news.edu,0,generated_legitimate,www.news.edu,2025-10-18 13:42:39
https://www.facebook.com/signup,0,curated_legitimate,www.facebook.com,2025-10-18 13:42:39
https://www.youtube.com,0,curated_legitimate,www.youtube.com,2025-10-18 13:42:39
https://www.museum.gov,0,generated_legitimate,www.museum.gov,2025-10-18 13:42:39
https://hometrade-nomura.we9gd6.top/brkbjmbp/,1,phishtank,hometrade-nomura.we9gd6.top,2025-10-18 13:42:39
https://t.co/tXoYnpBkf1,1,phishtank,t.co,2025-10-18 13:42:39
https://sites.google.com/view/tfgbvfsd05/accueil,1,phishtank,sites.google.com,2025-10-18 13:42:39
https://www.tumblr.com/about,0,curated_legitimate,www.tumblr.com,2025-10-18 13:42:39
https://www.netflix.com/help,0,curated_legitimate,www.netflix.com,2025-10-18 13:42:39
https://www.instagram.com,0,curated_legitimate,www.instagram.com,2025-10-18 13:42:39
https://www.google.com/help,0,curated_legitimate,www.google.com,2025-10-18 13:42:39
https://www.tumblr.com/support,0,curated_legitimate,www.tumblr.com,2025-10-18 13:42:39
https://www.spotify.com/contact,0,curated_legitimate,www.spotify.com,2025-10-18 13:42:39
https://hiworkskr909.weebly.com/,1,phishtank,hiworkskr909.weebly.com,2025-10-18 13:42:39
https://www.blog.edu,0,generated_legitimate,www.blog.edu,2025-10-18 13:42:39
https://www.museum.net,0,generated_legitimate,www.museum.net,2025-10-18 13:42:39
https://courrielweb77.godaddysites.com/,1,phishtank,courrielweb77.godaddysites.com,2025-10-18 13:42:39
https://alegrolokalnie.pl-4172.icu/oferta/apple-iphone-16-pro-naturalny-tytan-128gb-97kondycji-stan-idealny-0dd8f16d,1,phishtank,alegrolokalnie.pl-4172.icu,2025-10-18 13:42:39
https://www.university.edu,0,generated_legitimate,www.university.edu,2025-10-18 13:42:39
https://docs.google.com/drawings/d/1DWbRDmtmvVrQmUqpfmvFtL77Al8DysUsUD7rnscnMOE/edit,1,phishtank,docs.google.com,2025-10-18 13:42:39
https://www.quora.com/about,0,curated_legitimate,www.quora.com,2025-10-18 13:42:39
https://www.quora.com/contact,0,curated_legitimate,www.quora.com,2025-10-18 13:42:39
https://ro-binhoodlogin.pages.dev/,1,phishtank,ro-binhoodlogin.pages.dev,2025-10-18 13:42:39
https://www.pinterest.com/support,0,curated_legitimate,www.pinterest.com,2025-10-18 13:42:39
https://allegrolokalnie.pl-628393.icu/apple-macbook-air-m1-512-gb-dy/32856,1,phishtank,allegrolokalnie.pl-628393.icu,2025-10-18 13:42:39
https://vientianetour.com/authauth/SSA_NEW_UPDATE2/,1,phishtank,vientianetour.com,2025-10-18 13:42:39
https://www.cnn.com/contact,0,curated_legitimate,www.cnn.com,2025-10-18 13:42:39
https://telekom-schutz.com/de/verbindung/anschluss.php/,1,phishtank,telekom-schutz.com,2025-10-18 13:42:39
https://www.store.org,0,generated_legitimate,www.store.org,2025-10-18 13:42:39
https://www.github.com/help,0,curated_legitimate,www.github.com,2025-10-18 13:42:39
https://qrco.de/bgLSp0,1,phishtank,qrco.de,2025-10-18 13:42:39
https://promricea-gte.cyou/gtq/card.html,1,phishtank,promricea-gte.cyou,2025-10-18 13:42:39
https://copenhagen-project.com/1/home.php,1,phishtank,copenhagen-project.com,2025-10-18 13:42:39
